Geo Point;Geo Shape;gares_id;nom_long;nom;nom_sous;nom_sur;id_ref_lda;nom_lda;id_ref_zdl;nom_zdl;num_mod;mode;fer;train;rer;metro;tramway;navette;val;terfer;tertrain;terrer;termetro;tertram;ternavette;terval;idrefliga;idrefligc;ligne;indice_lig;res_com;exploitant;idf;principal;x;y;picto ligne;nom_iv
48.861822271877315, 2.3470126872387564;"{""coordinates"": [2.347012687238756, 48.861822271877315], ""type"": ""Point""}";170.0;Châtelet-Les Halles;Châtelet-Les Halles;;;474151.0;Châtelet les Halles;45102.0;Châtelet les Halles;0.0;RER;1.0;0.0;1.0;0.0;0.0;0.0;0.0;0;0;0;0;0;0;0;A01842;C01728;RER D;D;RER D;RATP;1.0;1.0;652093.2251000032;6862619.066599999;https://data.opendatasoft.com/api/explore/v2.1/catalog/datasets/emplacement-des-gares-idf@stif/files/e7ed6bbd66f9796902fee75b4b443a54;Châtelet-Les Halles
48.61342791267343, 2.4729336504587436;"{""coordinates"": [2.472933650458744, 48.61342791267343], ""type"": ""Point""}";207.0;Corbeil-Essonnes;Corbeil-Essonnes;;;60309.0;Corbeil-Essonnes;43115.0;Corbeil-Essonnes;0.0;RER;1.0;0.0;1.0;0.0;0.0;0.0;0.0;0;0;0;0;0;0;0;A01842;C01728;RER D;D;RER D;SNCF;1.0;1.0;661146.9909999967;6834933.311700001;https://data.opendatasoft.com/api/explore/v2.1/catalog/datasets/emplacement-des-gares-idf@stif/files/e7ed6bbd66f9796902fee75b4b443a54;Corbeil-Essonnes
48.605555825457074, 2.4624564927796966;"{""coordinates"": [2.462456492779697, 48.605555825457074], ""type"": ""Point""}";270.0;Essonnes-Robinson;Essonnes-Robinson;;;422776.0;Essonnes Robinson;45759.0;Essonnes Robinson;0.0;RER;1.0;0.0;1.0;0.0;0.0;0.0;0.0;0;0;0;0;0;0;0;A01842;C01728;RER D;D;RER D;SNCF;1.0;0.0;660368.7153000012;6834063.387899999;https://data.opendatasoft.com/api/explore/v2.1/catalog/datasets/emplacement-des-gares-idf@stif/files/e7ed6bbd66f9796902fee75b4b443a54;Essonnes-Robinson
48.6342683114477, 2.4525733922724497;"{""coordinates"": [2.45257339227245, 48.6342683114477], ""type"": ""Point""}";276.0;Évry;Évry;Val de Seine;;60522.0;Évry;45745.0;Évry;0.0;RER;1.0;0.0;1.0;0.0;0.0;0.0;0.0;0;0;0;0;0;0;0;A01842;C01728;RER D;D;RER D;SNCF;1.0;0.0;659662.2083000019;6837260.350299999;https://data.opendatasoft.com/api/explore/v2.1/catalog/datasets/emplacement-des-gares-idf@stif/files/e7ed6bbd66f9796902fee75b4b443a54;Évry
48.39364154681916, 2.3934107240666367;"{""coordinates"": [2.393410724066637, 48.39364154681916], ""type"": ""Point""}";503.0;Maisse;Maisse;;;59470.0;Maisse;43156.0;Maisse;0.0;RER;1.0;0.0;1.0;0.0;0.0;0.0;0.0;0;0;0;0;0;0;0;A01842;C01728;RER D;D;RER D;SNCF;1.0;0.0;655097.3352999985;6810544.236900002;https://data.opendatasoft.com/api/explore/v2.1/catalog/datasets/emplacement-des-gares-idf@stif/files/e7ed6bbd66f9796902fee75b4b443a54;Maisse
48.293591767794474, 2.401133894429584;"{""coordinates"": [2.401133894429584, 48.293591767794474], ""type"": ""Point""}";955.0;Malesherbes;Malesherbes;;;411486.0;Malesherbes;411485.0;Malesherbes;0.0;RER;1.0;0.0;1.0;0.0;0.0;0.0;0.0;0;0;RER D;0;0;0;0;A01842;C01728;RER D;D;RER D;SNCF;0.0;1.0;655584.6925000027;6799419.8303;https://data.opendatasoft.com/api/explore/v2.1/catalog/datasets/emplacement-des-gares-idf@stif/files/e7ed6bbd66f9796902fee75b4b443a54;Malesherbes
48.5705968577978, 2.432098533660357;"{""coordinates"": [2.432098533660357, 48.5705968577978], ""type"": ""Point""}";534.0;Mennecy;Mennecy;;;59984.0;Mennecy;47899.0;Mennecy;0.0;RER;1.0;0.0;1.0;0.0;0.0;0.0;0.0;0;0;0;0;0;0;0;A01842;C01728;RER D;D;RER D;SNCF;1.0;0.0;658102.6114000008;6830192.787900001;https://data.opendatasoft.com/api/explore/v2.1/catalog/datasets/emplacement-des-gares-idf@stif/files/e7ed6bbd66f9796902fee75b4b443a54;Mennecy
49.13828637435187, 2.490178985421195;"{""coordinates"": [2.490178985421195, 49.13828637435187], ""type"": ""Point""}";957.0;Orry-la-Ville-Coye-la-Forêt;Orry-la-Ville-Coye-la-Forêt;;;411422.0;Orry-la-Ville - Coye;411421.0;Orry-la-Ville - Coye;0.0;RER;1.0;0.0;1.0;0.0;0.0;0.0;0.0;0;0;0;0;0;0;0;A01842;C01728;RER D;D;RER D;SNCF;0.0;1.0;662795.0402999967;6893286.621300001;https://data.opendatasoft.com/api/explore/v2.1/catalog/datasets/emplacement-des-gares-idf@stif/files/e7ed6bbd66f9796902fee75b4b443a54;Orry-la-Ville-Coye-la-Forêt
48.59556383707042, 2.583947711061251;"{""coordinates"": [2.583947711061251, 48.59556383707042], ""type"": ""Point""}";787.0;Savigny-le-Temple-Nandy;Savigny-le-Temple-Nandy;;;62290.0;Savigny-le-Temple - Nandy;47665.0;Savigny-le-Temple - Nandy;0.0;RER;1.0;0.0;1.0;0.0;0.0;0.0;0.0;0;0;0;0;0;0;0;A01842;C01728;RER D;D;RER D;SNCF;1.0;0.0;669319.9086000025;6832898.502799999;https://data.opendatasoft.com/api/explore/v2.1/catalog/datasets/emplacement-des-gares-idf@stif/files/e7ed6bbd66f9796902fee75b4b443a54;Savigny-le-Temple-Nandy
48.59281218941942, 2.461550180897488;"{""coordinates"": [2.461550180897488, 48.59281218941942], ""type"": ""Point""}";894.0;Villabé;Villabé;;;60124.0;Villabé;47904.0;Villabé;0.0;RER;1.0;0.0;1.0;0.0;0.0;0.0;0.0;0;0;0;0;0;0;0;A01842;C01728;RER D;D;RER D;SNCF;1.0;0.0;660292.2364000008;6832647.1609000005;https://data.opendatasoft.com/api/explore/v2.1/catalog/datasets/emplacement-des-gares-idf@stif/files/e7ed6bbd66f9796902fee75b4b443a54;Villabé
48.99377714597224, 2.4161874889269837;"{""coordinates"": [2.416187488926984, 48.99377714597224], ""type"": ""Point""}";909.0;Villiers-le-Bel-Gonesse-Arnouville;Villiers-le-Bel-Gonesse-Arnouville;;;66009.0;Villiers-le-Bel - Gonesse - Arnouville;43222.0;Villiers-le-Bel - Gonesse - Arnouville;0.0;RER;1.0;0.0;1.0;0.0;0.0;0.0;0.0;0;0;0;0;0;0;0;A01842;C01728;RER D;D;RER D;SNCF;1.0;0.0;657276.6642000005;6877252.6000000015;https://data.opendatasoft.com/api/explore/v2.1/catalog/datasets/emplacement-des-gares-idf@stif/files/e7ed6bbd66f9796902fee75b4b443a54;Villiers-le-Bel-Gonesse-Arnouville
48.881759488231914, 2.357570193470877;"{""coordinates"": [2.357570193470877, 48.881759488231914], ""type"": ""Point""}";310.0;Gare du Nord;Gare du Nord;;;478733.0;Gare du Nord;58572.0;Magenta;0.0;RER;1.0;0.0;1.0;0.0;0.0;0.0;0.0;0;0;0;0;0;0;0;A01842;C01728;RER D;D;RER D;SNCF;1.0;1.0;652885.8017999977;6864829.589200001;https://data.opendatasoft.com/api/explore/v2.1/catalog/datasets/emplacement-des-gares-idf@stif/files/e7ed6bbd66f9796902fee75b4b443a54;Gare du Nord
48.341663543697, 2.3788154433118907;"{""coordinates"": [2.378815443311891, 48.341663543697], ""type"": ""Point""}";81.0;Boigneville;Boigneville;;;59420.0;Boigneville;43092.0;Boigneville;0.0;RER;1.0;0.0;1.0;0.0;0.0;0.0;0.0;0;0;0;0;0;0;0;A01842;C01728;RER D;D;RER D;SNCF;1.0;0.0;653971.495099999;6804775.446199998;https://data.opendatasoft.com/api/explore/v2.1/catalog/datasets/emplacement-des-gares-idf@stif/files/e7ed6bbd66f9796902fee75b4b443a54;Boigneville
48.53150198556537, 2.3705184977367075;"{""coordinates"": [2.370518497736708, 48.53150198556537], ""type"": ""Point""}";48.0;Ballancourt;Ballancourt;;;59825.0;Ballancourt;43087.0;Ballancourt;0.0;RER;1.0;0.0;1.0;0.0;0.0;0.0;0.0;0;0;0;0;0;0;0;A01842;C01728;RER D;D;RER D;SNCF;1.0;0.0;653524.9403999969;6825881.3486;https://data.opendatasoft.com/api/explore/v2.1/catalog/datasets/emplacement-des-gares-idf@stif/files/e7ed6bbd66f9796902fee75b4b443a54;Ballancourt
48.699106946033055, 2.5066769825470883;"{""coordinates"": [2.506676982547088, 48.699106946033055], ""type"": ""Point""}";114.0;Brunoy;Brunoy;;;67476.0;Brunoy;58873.0;Brunoy;0.0;RER;1.0;0.0;1.0;0.0;0.0;0.0;0.0;0;0;0;0;0;0;0;A01842;C01728;RER D;D;RER D;SNCF;1.0;0.0;663693.8775999993;6844442.4782;https://data.opendatasoft.com/api/explore/v2.1/catalog/datasets/emplacement-des-gares-idf@stif/files/e7ed6bbd66f9796902fee75b4b443a54;Brunoy
48.43449061194127, 2.376672818506991;"{""coordinates"": [2.376672818506991, 48.43449061194127], ""type"": ""Point""}";106.0;Boutigny;Boutigny;;;59565.0;Boutigny;47895.0;Boutigny;0.0;RER;1.0;0.0;1.0;0.0;0.0;0.0;0.0;0;0;0;0;0;0;0;A01842;C01728;RER D;D;RER D;SNCF;1.0;0.0;653894.1827000007;6815094.288199998;https://data.opendatasoft.com/api/explore/v2.1/catalog/datasets/emplacement-des-gares-idf@stif/files/e7ed6bbd66f9796902fee75b4b443a54;Boutigny
48.564949494749506, 2.594551816007613;"{""coordinates"": [2.594551816007613, 48.564949494749506], ""type"": ""Point""}";135.0;Cesson;Cesson;;;62176.0;Cesson;42516.0;Cesson;0.0;RER;1.0;0.0;1.0;0.0;0.0;0.0;0.0;0;0;0;0;0;0;0;A01842;C01728;RER D;D;RER D;SNCF;1.0;0.0;670084.3832999989;6829491.1237;https://data.opendatasoft.com/api/explore/v2.1/catalog/datasets/emplacement-des-gares-idf@stif/files/e7ed6bbd66f9796902fee75b4b443a54;Cesson
48.51515145321966, 2.5993042659192627;"{""coordinates"": [2.599304265919263, 48.51515145321966], ""type"": ""Point""}";921.0;Vosves;Vosves;;;61850.0;Vosves;47967.0;Vosves;0.0;RER;1.0;0.0;1.0;0.0;0.0;0.0;0.0;0;0;0;0;0;0;0;A01842;C01728;RER D;D;RER D;SNCF;1.0;0.0;670406.9439999983;6823953.601399999;https://data.opendatasoft.com/api/explore/v2.1/catalog/datasets/emplacement-des-gares-idf@stif/files/e7ed6bbd66f9796902fee75b4b443a54;Vosves
48.70661093477736, 2.48424255643507;"{""coordinates"": [2.48424255643507, 48.70661093477736], ""type"": ""Point""}";924.0;Yerres;Yerres;;;63044.0;Yerres;43226.0;Yerres;0.0;RER;1.0;0.0;1.0;0.0;0.0;0.0;0.0;0;0;0;0;0;0;0;A01842;C01728;RER D;D;RER D;SNCF;1.0;0.0;662048.2876000032;6845287.303800002;https://data.opendatasoft.com/api/explore/v2.1/catalog/datasets/emplacement-des-gares-idf@stif/files/e7ed6bbd66f9796902fee75b4b443a54;Yerres
48.565072940114796, 2.5426094498060046;"{""coordinates"": [2.542609449806005, 48.565072940114796], ""type"": ""Point""}";819.0;Saint-Fargeau;Saint-Fargeau;;;62172.0;Saint-Fargeau;45814.0;Saint-Fargeau;0.0;RER;1.0;0.0;1.0;0.0;0.0;0.0;0.0;0;0;0;0;0;0;0;A01842;C01728;RER D;D;RER D;SNCF;1.0;0.0;666251.9840999991;6829525.7859000005;https://data.opendatasoft.com/api/explore/v2.1/catalog/datasets/emplacement-des-gares-idf@stif/files/e7ed6bbd66f9796902fee75b4b443a54;Saint-Fargeau
48.62590139399501, 2.430155386011357;"{""coordinates"": [2.430155386011357, 48.62590139399501], ""type"": ""Point""}";277.0;Évry Courcouronnes;Évry Courcouronnes;Centre;;60450.0;Évry - Courcouronnes;47906.0;Évry - Courcouronnes;0.0;RER;1.0;0.0;1.0;0.0;0.0;0.0;0.0;0;0;0;0;0;0;0;A01842;C01728;RER D;D;RER D;SNCF;1.0;0.0;658003.6257999986;6836341.883900002;https://data.opendatasoft.com/api/explore/v2.1/catalog/datasets/emplacement-des-gares-idf@stif/files/e7ed6bbd66f9796902fee75b4b443a54;Évry Courcouronnes
48.48551429890115, 2.352193814586844;"{""coordinates"": [2.352193814586844, 48.48551429890115], ""type"": ""Point""}";396.0;La Ferté-Alais;La Ferté-Alais;;;59661.0;La Ferté-Alais;43142.0;La Ferté-Alais;0.0;RER;1.0;0.0;1.0;0.0;0.0;0.0;0.0;0;0;0;0;0;0;0;A01842;C01728;RER D;D;RER D;SNCF;1.0;0.0;652130.1071000025;6820780.366099998;https://data.opendatasoft.com/api/explore/v2.1/catalog/datasets/emplacement-des-gares-idf@stif/files/e7ed6bbd66f9796902fee75b4b443a54;La Ferté-Alais
48.3713832913812, 2.387209797198101;"{""coordinates"": [2.387209797198101, 48.3713832913812], ""type"": ""Point""}";117.0;Buno-Gironville;Buno-Gironville;;;59447.0;Buno - Gironville;43102.0;Buno - Gironville;0.0;RER;1.0;0.0;1.0;0.0;0.0;0.0;0.0;0;0;0;0;0;0;0;A01842;C01728;RER D;D;RER D;SNCF;1.0;0.0;654619.122299999;6808073.8171;https://data.opendatasoft.com/api/explore/v2.1/catalog/datasets/emplacement-des-gares-idf@stif/files/e7ed6bbd66f9796902fee75b4b443a54;Buno-Gironville
48.53877525570637, 2.6255221550663013;"{""coordinates"": [2.625522155066301, 48.53877525570637], ""type"": ""Point""}";430.0;Le Mée;Le Mée;;;62003.0;Le Mée;45784.0;Le Mée;0.0;RER;1.0;0.0;1.0;0.0;0.0;0.0;0.0;0;0;0;0;0;0;0;A01842;C01728;RER D;D;RER D;SNCF;1.0;0.0;672355.6840000004;6826570.182100002;https://data.opendatasoft.com/api/explore/v2.1/catalog/datasets/emplacement-des-gares-idf@stif/files/e7ed6bbd66f9796902fee75b4b443a54;Le Mée
48.573807792637595, 2.479469169601778;"{""coordinates"": [2.479469169601778, 48.573807792637595], ""type"": ""Point""}";433.0;Le Plessis-Chenet;Le Plessis-Chenet;;;60006.0;Le Plessis Chenet;45820.0;Le Plessis Chenet;0.0;RER;1.0;0.0;1.0;0.0;0.0;0.0;0.0;0;0;0;0;0;0;0;A01842;C01728;RER D;D;RER D;SNCF;1.0;0.0;661599.7184000015;6830525.6466999985;https://data.opendatasoft.com/api/explore/v2.1/catalog/datasets/emplacement-des-gares-idf@stif/files/e7ed6bbd66f9796902fee75b4b443a54;Le Plessis-Chenet
48.62837555080255, 2.5695835482364613;"{""coordinates"": [2.569583548236461, 48.62837555080255], ""type"": ""Point""}";468.0;Lieusaint-Moissy;Lieusaint-Moissy;;;62412.0;Lieusaint - Moissy;47669.0;Lieusaint - Moissy;0.0;RER;1.0;0.0;1.0;0.0;0.0;0.0;0.0;0;0;0;0;0;0;0;A01842;C01728;RER D;D;RER D;SNCF;1.0;0.0;668280.5751999989;6836551.855900001;https://data.opendatasoft.com/api/explore/v2.1/catalog/datasets/emplacement-des-gares-idf@stif/files/e7ed6bbd66f9796902fee75b4b443a54;Lieusaint-Moissy
48.80204937940299, 2.4264824084840475;"{""coordinates"": [2.426482408484048, 48.80204937940299], ""type"": ""Point""}";498.0;Maisons-Alfort-Alfortville;Maisons-Alfort-Alfortville;;;73625.0;Maisons-Alfort - Alfortville;43154.0;Maisons-Alfort - Alfortville;0.0;RER;1.0;0.0;1.0;0.0;0.0;0.0;0.0;0;0;0;0;0;0;0;A01842;C01728;RER D;D;RER D;SNCF;1.0;0.0;657875.1827000007;6855927.6603000015;https://data.opendatasoft.com/api/explore/v2.1/catalog/datasets/emplacement-des-gares-idf@stif/files/e7ed6bbd66f9796902fee75b4b443a54;Maisons-Alfort-Alfortville
48.636351366180676, 2.4077962861739053;"{""coordinates"": [2.407796286173905, 48.636351366180676], ""type"": ""Point""}";609.0;Orangis-Bois de l'Epine;Orangis-Bois de l'Epine;;;60542.0;Orangis Bois de l'Épine;48489.0;Orangis Bois de l'Épine;0.0;RER;1.0;0.0;1.0;0.0;0.0;0.0;0.0;0;0;0;0;0;0;0;A01842;C01728;RER D;D;RER D;SNCF;1.0;0.0;656364.5494000018;6837515.734499998;https://data.opendatasoft.com/api/explore/v2.1/catalog/datasets/emplacement-des-gares-idf@stif/files/e7ed6bbd66f9796902fee75b4b443a54;Orangis-Bois de l'Epine
48.70823782766052, 2.462282244689792;"{""coordinates"": [2.462282244689792, 48.70823782766052], ""type"": ""Point""}";556.0;Montgeron-Crosne;Montgeron-Crosne;;;63072.0;Montgeron - Crosne;47684.0;Montgeron - Crosne;0.0;RER;1.0;0.0;1.0;0.0;0.0;0.0;0.0;0;0;0;0;0;0;0;A01842;C01728;RER D;D;RER D;SNCF;1.0;0.0;660433.6070000008;6845478.957800001;https://data.opendatasoft.com/api/explore/v2.1/catalog/datasets/emplacement-des-gares-idf@stif/files/e7ed6bbd66f9796902fee75b4b443a54;Montgeron-Crosne
49.12620995973848, 2.507013841603866;"{""coordinates"": [2.507013841603866, 49.12620995973848], ""type"": ""Point""}";958.0;La Borne Blanche;La Borne Blanche;;;411419.0;La Borne Blanche;411418.0;La Borne Blanche;0.0;RER;1.0;0.0;1.0;0.0;0.0;0.0;0.0;0;0;0;0;0;0;0;A01842;C01728;RER D;D;RER D;SNCF;0.0;0.0;664015.1872999966;6891935.659600001;https://data.opendatasoft.com/api/explore/v2.1/catalog/datasets/emplacement-des-gares-idf@stif/files/e7ed6bbd66f9796902fee75b4b443a54;La Borne Blanche
48.9637554286997, 2.3721031384025686;"{""coordinates"": [2.372103138402569, 48.9637554286997], ""type"": ""Point""}";643.0;Pierrefitte Stains;Pierrefitte Stains;;;72787.0;Pierrefitte - Stains;43179.0;Pierrefitte - Stains;0.0;RER;1.0;0.0;1.0;0.0;0.0;0.0;0.0;0;0;0;0;0;0;0;A01842;C01728;RER D;D;RER D;SNCF;1.0;0.0;654024.0938000008;6873938.8178;https://data.opendatasoft.com/api/explore/v2.1/catalog/datasets/emplacement-des-gares-idf@stif/files/e7ed6bbd66f9796902fee75b4b443a54;Pierrefitte Stains
48.681016615421555, 2.5331306565710374;"{""coordinates"": [2.533130656571037, 48.681016615421555], ""type"": ""Point""}";105.0;Boussy-Saint-Antoine;Boussy-Saint-Antoine;;;62596.0;Boussy-Saint-Antoine;47924.0;Boussy-Saint-Antoine;0.0;RER;1.0;0.0;1.0;0.0;0.0;0.0;0.0;0;0;0;0;0;0;0;A01842;C01728;RER D;D;RER D;SNCF;1.0;0.0;665628.8215999976;6842419.4146;https://data.opendatasoft.com/api/explore/v2.1/catalog/datasets/emplacement-des-gares-idf@stif/files/e7ed6bbd66f9796902fee75b4b443a54;Boussy-Saint-Antoine
48.529746917655004, 2.572073662735743;"{""coordinates"": [2.572073662735743, 48.529746917655004], ""type"": ""Point""}";85.0;Boissise-le-Roi;Boissise-le-Roi;;;61943.0;Boissise-le-Roi;45763.0;Boissise-le-Roi;0.0;RER;1.0;0.0;1.0;0.0;0.0;0.0;0.0;0;0;0;0;0;0;0;A01842;C01728;RER D;D;RER D;SNCF;1.0;0.0;668404.6618999988;6825586.6129;https://data.opendatasoft.com/api/explore/v2.1/catalog/datasets/emplacement-des-gares-idf@stif/files/e7ed6bbd66f9796902fee75b4b443a54;Boissise-le-Roi
48.97674784737337, 2.3905936526418374;"{""coordinates"": [2.390593652641837, 48.97674784737337], ""type"": ""Point""}";322.0;Garges-Sarcelles;Garges-Sarcelles;;;65582.0;Garges - Sarcelles;43251.0;Garges - Sarcelles;0.0;RER;1.0;0.0;1.0;0.0;0.0;0.0;0.0;0;0;0;0;0;0;0;A01842;C01728;RER D;D;RER D;SNCF;1.0;0.0;655389.130900003;6875373.010200001;https://data.opendatasoft.com/api/explore/v2.1/catalog/datasets/emplacement-des-gares-idf@stif/files/e7ed6bbd66f9796902fee75b4b443a54;Garges-Sarcelles
48.843772575930615, 2.3739164698064985;"{""coordinates"": [2.373916469806499, 48.843772575930615], ""type"": ""Point""}";307.0;Gare de Lyon;Gare de Lyon;;;73626.0;Gare de Lyon;470195.0;Gare de Lyon;0.0;RER;1.0;0.0;1.0;0.0;0.0;0.0;0.0;0;0;0;0;0;0;0;A01842;C01728;RER D;D;RER D;SNCF;1.0;1.0;654051.0803999975;6860596.114;https://data.opendatasoft.com/api/explore/v2.1/catalog/datasets/emplacement-des-gares-idf@stif/files/e7ed6bbd66f9796902fee75b4b443a54;Gare de Lyon
49.03318276811087, 2.478033365115082;"{""coordinates"": [2.478033365115082, 49.03318276811087], ""type"": ""Point""}";452.0;Les Noues;Les Noues;;;66650.0;Les Noues;47968.0;Les Noues;0.0;RER;1.0;0.0;1.0;0.0;0.0;0.0;0.0;0;0;0;0;0;0;0;A01842;C01728;RER D;D;RER D;SNCF;1.0;0.0;661831.4372999966;6881603.159400001;https://data.opendatasoft.com/api/explore/v2.1/catalog/datasets/emplacement-des-gares-idf@stif/files/e7ed6bbd66f9796902fee75b4b443a54;Les Noues
48.58715390623799, 2.4734903663442247;"{""coordinates"": [2.473490366344225, 48.58715390623799], ""type"": ""Point""}";571.0;Moulin-Galant;Moulin-Galant;;;60084.0;Moulin Galant;45761.0;Moulin Galant;0.0;RER;1.0;0.0;1.0;0.0;0.0;0.0;0.0;0;0;0;0;0;0;0;A01842;C01728;RER D;D;RER D;SNCF;1.0;0.0;661168.5530999973;6832012.2082;https://data.opendatasoft.com/api/explore/v2.1/catalog/datasets/emplacement-des-gares-idf@stif/files/e7ed6bbd66f9796902fee75b4b443a54;Moulin-Galant
48.53513976606819, 2.544348950368586;"{""coordinates"": [2.544348950368586, 48.53513976606819], ""type"": ""Point""}";672.0;Ponthierry-Pringy;Ponthierry-Pringy;;;61976.0;Ponthierry - Pringy;45812.0;Ponthierry - Pringy;0.0;RER;1.0;0.0;1.0;0.0;0.0;0.0;0.0;0;0;0;0;0;0;0;A01842;C01728;RER D;D;RER D;SNCF;1.0;0.0;666361.128200002;6826197.548599999;https://data.opendatasoft.com/api/explore/v2.1/catalog/datasets/emplacement-des-gares-idf@stif/files/e7ed6bbd66f9796902fee75b4b443a54;Ponthierry-Pringy
48.917567175663955, 2.3503895378897677;"{""coordinates"": [2.350389537889768, 48.917567175663955], ""type"": ""Point""}";806.0;Stade de France-Saint-Denis;Stade de France-Saint-Denis;;;72206.0;Stade de France Saint-Denis;43204.0;Stade de France Saint-Denis;0.0;RER;1.0;0.0;1.0;0.0;0.0;0.0;0.0;0;0;0;0;0;0;0;A01842;C01728;RER D;D;RER D;SNCF;1.0;0.0;652391.9593999982;6868815.5548;https://data.opendatasoft.com/api/explore/v2.1/catalog/datasets/emplacement-des-gares-idf@stif/files/e7ed6bbd66f9796902fee75b4b443a54;Stade de France-Saint-Denis
49.09958693827347, 2.5255317139920535;"{""coordinates"": [2.525531713992053, 49.09958693827347], ""type"": ""Point""}";845.0;Survilliers-Fosses;Survilliers-Fosses;;;69450.0;Survilliers - Fosses;47958.0;Survilliers - Fosses;0.0;RER;1.0;0.0;1.0;0.0;0.0;0.0;0.0;0;0;0;0;0;0;0;A01842;C01728;RER D;D;RER D;SNCF;1.0;0.0;665349.0637999997;6888966.370999999;https://data.opendatasoft.com/api/explore/v2.1/catalog/datasets/emplacement-des-gares-idf@stif/files/e7ed6bbd66f9796902fee75b4b443a54;Survilliers-Fosses
48.658975422908846, 2.4152068413300656;"{""coordinates"": [2.415206841330066, 48.658975422908846], ""type"": ""Point""}";740.0;Ris-Orangis;Ris-Orangis;;;60839.0;Ris-Orangis;47948.0;Ris-Orangis;0.0;RER;1.0;0.0;1.0;0.0;0.0;0.0;0.0;0;0;0;0;0;0;0;A01842;C01728;RER D;D;RER D;SNCF;1.0;0.0;656929.2000999972;6840026.8224;https://data.opendatasoft.com/api/explore/v2.1/catalog/datasets/emplacement-des-gares-idf@stif/files/e7ed6bbd66f9796902fee75b4b443a54;Ris-Orangis
48.6760924330445, 2.386783798391593;"{""coordinates"": [2.386783798391593, 48.6760924330445], ""type"": ""Point""}";917.0;Viry-Châtillon;Viry-Châtillon;;;60981.0;Viry-Châtillon;43225.0;Viry-Châtillon;0.0;RER;1.0;0.0;1.0;0.0;0.0;0.0;0.0;0;0;0;0;0;0;0;A01842;C01728;RER D;D;RER D;SNCF;1.0;0.0;654850.624499999;6841945.658300001;https://data.opendatasoft.com/api/explore/v2.1/catalog/datasets/emplacement-des-gares-idf@stif/files/e7ed6bbd66f9796902fee75b4b443a54;Viry-Châtillon
48.73063829196751, 2.446226445438707;"{""coordinates"": [2.446226445438707, 48.73063829196751], ""type"": ""Point""}";901.0;Villeneuve-Saint-Georges;Villeneuve-Saint-Georges;;;69568.0;Villeneuve-Saint-Georges;45067.0;Villeneuve-Saint-Georges;0.0;RER;1.0;0.0;1.0;0.0;0.0;0.0;0.0;0;0;0;0;0;0;0;A01842;C01728;RER D;D;RER D;SNCF;1.0;0.0;659269.6731000021;6847977.581599999;https://data.opendatasoft.com/api/explore/v2.1/catalog/datasets/emplacement-des-gares-idf@stif/files/e7ed6bbd66f9796902fee75b4b443a54;Villeneuve-Saint-Georges
48.744500701229676, 2.4386683407782264;"{""coordinates"": [2.438668340778226, 48.744500701229676], ""type"": ""Point""}";902.0;Villeneuve-Triage;Villeneuve-Triage;;;69671.0;Villeneuve Triage;46304.0;Villeneuve Triage;0.0;RER;1.0;0.0;1.0;0.0;0.0;0.0;0.0;0;0;0;0;0;0;0;A01842;C01728;RER D;D;RER D;SNCF;1.0;0.0;658724.7365000024;6849522.736900002;https://data.opendatasoft.com/api/explore/v2.1/catalog/datasets/emplacement-des-gares-idf@stif/files/e7ed6bbd66f9796902fee75b4b443a54;Villeneuve-Triage
48.64848911166573, 2.4353305301813046;"{""coordinates"": [2.435330530181305, 48.64848911166573], ""type"": ""Point""}";334.0;Grand-Bourg;Grand-Bourg;;;73627.0;Grand Bourg;45860.0;Grand Bourg;0.0;RER;1.0;0.0;1.0;0.0;0.0;0.0;0.0;0;0;0;0;0;0;0;A01842;C01728;RER D;D;RER D;SNCF;1.0;0.0;658402.9742000028;6838850.2443;https://data.opendatasoft.com/api/explore/v2.1/catalog/datasets/emplacement-des-gares-idf@stif/files/e7ed6bbd66f9796902fee75b4b443a54;Grand-Bourg
48.654849334508775, 2.39678350341544;"{""coordinates"": [2.39678350341544, 48.654849334508775], ""type"": ""Point""}";337.0;Grigny-Centre;Grigny-Centre;;;60797.0;Grigny Centre;43132.0;Grigny Centre;0.0;RER;1.0;0.0;1.0;0.0;0.0;0.0;0.0;0;0;0;0;0;0;0;A01842;C01728;RER D;D;RER D;SNCF;1.0;0.0;655568.8183000013;6839578.3224;https://data.opendatasoft.com/api/explore/v2.1/catalog/datasets/emplacement-des-gares-idf@stif/files/e7ed6bbd66f9796902fee75b4b443a54;Grigny-Centre
48.68956725604334, 2.383833358799739;"{""coordinates"": [2.383833358799739, 48.68956725604334], ""type"": ""Point""}";387.0;Juvisy;Juvisy;;;478505.0;Juvisy;45739.0;Juvisy;0.0;RER;1.0;0.0;1.0;0.0;0.0;0.0;0.0;0;0;0;0;0;0;0;A01842;C01728;RER D;D;RER D;SNCF;1.0;1.0;654645.0864000022;6843445.409600001;https://data.opendatasoft.com/api/explore/v2.1/catalog/datasets/emplacement-des-gares-idf@stif/files/e7ed6bbd66f9796902fee75b4b443a54;Juvisy
48.77126603720006, 2.4353063397063224;"{""coordinates"": [2.435306339706322, 48.77126603720006], ""type"": ""Point""}";1159.0;Créteil Pompadour;Créteil Pompadour;;;69950.0;Créteil Pompadour;46286.0;Créteil Pompadour;0.0;RER;1.0;0.0;1.0;0.0;0.0;0.0;0.0;0;0;0;0;0;0;0;A01842;C01728;RER D;D;RER D;SNCF;1.0;0.0;658498.811300002;6852500.3354;https://data.opendatasoft.com/api/explore/v2.1/catalog/datasets/emplacement-des-gares-idf@stif/files/e7ed6bbd66f9796902fee75b4b443a54;Créteil Pompadour
48.56611781981482, 2.492713002881577;"{""coordinates"": [2.492713002881577, 48.56611781981482], ""type"": ""Point""}";214.0;Le Coudray-Montceaux;Le Coudray-Montceaux;;;59953.0;Le Coudray-Montceaux;45824.0;Le Coudray-Montceaux;0.0;RER;1.0;0.0;1.0;0.0;0.0;0.0;0.0;0;0;0;0;0;0;0;A01842;C01728;RER D;D;RER D;SNCF;1.0;0.0;662571.2286999971;6829664.428599998;https://data.opendatasoft.com/api/explore/v2.1/catalog/datasets/emplacement-des-gares-idf@stif/files/e7ed6bbd66f9796902fee75b4b443a54;Le Coudray-Montceaux
48.667901960128674, 2.547548045814366;"{""coordinates"": [2.547548045814366, 48.667901960128674], ""type"": ""Point""}";196.0;Combs-la-Ville - Quincy;Combs-la-Ville - Quincy;;;62558.0;Combs-la-Ville - Quincy;45771.0;Combs-la-Ville - Quincy;0.0;RER;1.0;0.0;1.0;0.0;0.0;0.0;0.0;0;0;0;0;0;0;0;A01842;C01728;RER D;D;RER D;SNCF;1.0;0.0;666681.8713999987;6840955.206999999;https://data.opendatasoft.com/api/explore/v2.1/catalog/datasets/emplacement-des-gares-idf@stif/files/e7ed6bbd66f9796902fee75b4b443a54;Combs-la-Ville - Quincy
49.023161998110595, 2.4621689661352346;"{""coordinates"": [2.462168966135235, 49.023161998110595], ""type"": ""Point""}";333.0;Goussainville;Goussainville;;;66535.0;Goussainville;47876.0;Goussainville;0.0;RER;1.0;0.0;1.0;0.0;0.0;0.0;0.0;0;0;0;0;0;0;0;A01842;C01728;RER D;D;RER D;SNCF;1.0;0.0;660663.7876999974;6880496.5331999995;https://data.opendatasoft.com/api/explore/v2.1/catalog/datasets/emplacement-des-gares-idf@stif/files/e7ed6bbd66f9796902fee75b4b443a54;Goussainville
48.527243320538695, 2.654990282141887;"{""coordinates"": [2.654990282141887, 48.527243320538695], ""type"": ""Point""}";530.0;Melun;Melun;;;61926.0;Melun;47909.0;Melun;0.0;RER;1.0;0.0;1.0;0.0;0.0;0.0;0.0;0;0;RER D;0;0;0;0;A01842;C01728;RER D;D;RER D;SNCF;1.0;1.0;674525.4340000004;6825278.3423000015;https://data.opendatasoft.com/api/explore/v2.1/catalog/datasets/emplacement-des-gares-idf@stif/files/e7ed6bbd66f9796902fee75b4b443a54;Melun
48.788466672630776, 2.4322435333606984;"{""coordinates"": [2.432243533360698, 48.788466672630776], ""type"": ""Point""}";437.0;Le Vert-de-Maisons;Le Vert-de-Maisons;;;73624.0;Le Vert de Maisons;464040.0;Le Vert de Maisons;0.0;RER;1.0;0.0;1.0;0.0;0.0;0.0;0.0;0;0;0;0;0;0;0;A01842;C01728;RER D;D;RER D;SNCF;1.0;0.0;658287.4706000015;6854414.3946;https://data.opendatasoft.com/api/explore/v2.1/catalog/datasets/emplacement-des-gares-idf@stif/files/e7ed6bbd66f9796902fee75b4b443a54;Le Vert-de-Maisons
49.0493255999653, 2.501758065846463;"{""coordinates"": [2.501758065846463, 49.0493255999653], ""type"": ""Point""}";482.0;Louvres;Louvres;;;69300.0;Louvres;44628.0;Louvres;0.0;RER;1.0;0.0;1.0;0.0;0.0;0.0;0.0;0;0;0;0;0;0;0;A01842;C01728;RER D;D;RER D;SNCF;1.0;0.0;663577.5992999971;6883387.227000002;https://data.opendatasoft.com/api/explore/v2.1/catalog/datasets/emplacement-des-gares-idf@stif/files/e7ed6bbd66f9796902fee75b4b443a54;Louvres
48.93445554414068, 2.3456043781962905;"{""coordinates"": [2.345604378196291, 48.93445554414068], ""type"": ""Point""}";816.0;Saint-Denis;Saint-Denis;;;72323.0;Saint-Denis;412743.0;Saint-Denis;0.0;RER;1.0;0.0;1.0;0.0;0.0;0.0;0.0;0;0;0;0;0;0;0;A01842;C01728;RER D;D;RER D;SNCF;1.0;1.0;652056.8408999965;6870696.407200001;https://data.opendatasoft.com/api/explore/v2.1/catalog/datasets/emplacement-des-gares-idf@stif/files/e7ed6bbd66f9796902fee75b4b443a54;Saint-Denis
48.70812051333978, 2.4138711503513184;"{""coordinates"": [2.413871150351318, 48.70812051333978], ""type"": ""Point""}";893.0;Vigneux-sur-Seine;Vigneux-sur-Seine;;;63071.0;Vigneux-sur-Seine;45735.0;Vigneux-sur-Seine;0.0;RER;1.0;0.0;1.0;0.0;0.0;0.0;0.0;0;0;0;0;0;0;0;A01842;C01728;RER D;D;RER D;SNCF;1.0;0.0;656871.3836999983;6845491.264800001;https://data.opendatasoft.com/api/explore/v2.1/catalog/datasets/emplacement-des-gares-idf@stif/files/e7ed6bbd66f9796902fee75b4b443a54;Vigneux-sur-Seine
49.26394414358555, 2.4689141153510383;"{""coordinates"": [2.468914115351038, 49.26394414358555], ""type"": ""Point""}";1053.0;Creil;Creil;;;411441.0;Creil;411440.0;Creil;0.0;RER;1.0;0.0;1.0;0.0;0.0;0.0;0.0;0;0;RER D;0;0;0;0;A01842;C01728;RER D;D;RER D;SNCF;0.0;0.0;661337.2338000014;6907273.653700002;https://data.opendatasoft.com/api/explore/v2.1/catalog/datasets/emplacement-des-gares-idf@stif/files/e7ed6bbd66f9796902fee75b4b443a54;Creil
48.62333224015094, 2.451409095593275;"{""coordinates"": [2.451409095593275, 48.62333224015094], ""type"": ""Point""}";428.0;Le Bras-de-Fer;Le Bras-de-Fer;Évry Génopôle;;60422.0;Le Bras de Fer;45850.0;Le Bras de Fer;0.0;RER;1.0;0.0;1.0;0.0;0.0;0.0;0.0;0;0;0;0;0;0;0;A01842;C01728;RER D;D;RER D;SNCF;1.0;0.0;659567.9703999981;6836045.177900001;https://data.opendatasoft.com/api/explore/v2.1/catalog/datasets/emplacement-des-gares-idf@stif/files/e7ed6bbd66f9796902fee75b4b443a54;Le Bras-de-Fer
49.18708720427586, 2.4595491188444525;"{""coordinates"": [2.459549118844452, 49.18708720427586], ""type"": ""Point""}";1052.0;Chantilly-Gouvieux;Chantilly-Gouvieux;;;411429.0;Chantilly - Gouvieux;411428.0;Chantilly - Gouvieux;0.0;RER;1.0;0.0;1.0;0.0;0.0;0.0;0.0;0;0;0;0;0;0;0;A01842;C01728;RER D;D;RER D;SNCF;0.0;0.0;660596.9644000009;6898729.3456999995;https://data.opendatasoft.com/api/explore/v2.1/catalog/datasets/emplacement-des-gares-idf@stif/files/e7ed6bbd66f9796902fee75b4b443a54;Chantilly-Gouvieux
